# FIXED 2014 CNIPA advisory-interview sample of 8 firms; only 2 firm names published (not 8 winners, not random sample).
# All 8 rows are sample slots, NOT claims of discovered original identities; six UNKNOWN are unpublished persons/firms, not failures.
# This is a survey of Zhengzhou CITY-level superhard-material industry for patent-navigation planning; the designated national experimental park is Zhengzhou New Materials Industrial Agglomeration Zone (Xingyang).
# NOT equivalent to the Zhengzhou High-Tech Zone 2004 thesis or 2024 1800+ enterprise counts.
# Outcome class: confirmed enforcement-and-delisting vs issuer-reported audited trading entity; innovation outcome independently unknown.
# Audited FY2025 report from 2026-04-03; legal name change 2014-12 in note; source establishes same legal firm 2014 to 2025.
# No sample attrition/survival rate permitted until six unnamed firms have original names, original company identifiers and complete follow-ups.
sample_id	2014_frame	company_name_2014	original_2014_source	known_identity	identity_link	2026_documentable_outcome	outcome_asof	outcome_source_primary_or_issuer	research_cost_or_limitation	unknown_count_not_failure
ZZ-PN-2014-01	2014_CNIPA_NONRANDOM_8_FIRM_POLICY_INTERVIEWS	郑州华晶金刚石股份有限公司	https://www.cnipa.gov.cn/art/2014/9/16/art_387_134049.html	KNOWN_NAMED	SAME_LEGAL_NAME_IN_CSRC_2022	CSRC_2022_ORDER_FINANCIAL_MISSTATEMENTS_2016_2019;SZSE_DELISTED_2022_06	2022-06-28	https://www.csrc.gov.cn/csrc/c101928/c7034745/content.shtml;https://www.szse.cn/disclosure/notice/general/t20220627_594303.html	FINANCIAL_DISCLOSURE_VIOLATION_DOES_NOT_ESTABLISH_ALL_PATENTS_TECHNICALLY_FALSE	NOT_APPLICABLE
ZZ-PN-2014-02	2014_CNIPA_NONRANDOM_8_FIRM_POLICY_INTERVIEWS	河南富耐克超硬材料股份有限公司	https://www.cnipa.gov.cn/art/2014/9/16/art_387_134049.html	KNOWN_NAMED	2014_12_NAME_CHANGE_TO_FUNIK_CONFIRMED_BY_2025_REPORT	2025_AUDITED_REPORT_ACTIVE_NEEQ_831378;REV_CNY362019300;ATTRIBUTABLE_PROFIT_CNY54464700;RD_EXP_CNY18443400;PATENTS_301_INVENTION_111	2025-12-31	https://pdf.dfcfw.com/pdf/H2_AN202604031821015911_1.pdf	2025_REPORT_AUDITOR_UNQUALIFIED;REPORT_REVENUE_NOT_ORIGINAL_INNOVATION;PRODUCT_PATENTS_SELF_REPORTED	NOT_APPLICABLE
ZZ-PN-2014-03	2014_CNIPA_NONRANDOM_8_FIRM_POLICY_INTERVIEWS	UNNAMED_COMPANY_SLOT_3	https://www.cnipa.gov.cn/art/2014/9/16/art_387_134049.html	IDENTITY_UNPUBLISHED_IN_2014_NOTICE	UNKNOWN	UNKNOWN_NOT_VERIFIED	UNKNOWN	UNKNOWN	UNPUBLISHED_IDENTITY_CANNOT_INFER_FAILURE_OR_SURVIVAL	NO_OUTCOME_OBSERVED
ZZ-PN-2014-04	2014_CNIPA_NONRANDOM_8_FIRM_POLICY_INTERVIEWS	UNNAMED_COMPANY_SLOT_4	https://www.cnipa.gov.cn/art/2014/9/16/art_387_134049.html	IDENTITY_UNPUBLISHED_IN_2014_NOTICE	UNKNOWN	UNKNOWN_NOT_VERIFIED	UNKNOWN	UNKNOWN	UNPUBLISHED_IDENTITY_CANNOT_INFER_FAILURE_OR_SURVIVAL	NO_OUTCOME_OBSERVED
ZZ-PN-2014-05	2014_CNIPA_NONRANDOM_8_FIRM_POLICY_INTERVIEWS	UNNAMED_COMPANY_SLOT_5	https://www.cnipa.gov.cn/art/2014/9/16/art_387_134049.html	IDENTITY_UNPUBLISHED_IN_2014_NOTICE	UNKNOWN	UNKNOWN_NOT_VERIFIED	UNKNOWN	UNKNOWN	UNPUBLISHED_IDENTITY_CANNOT_INFER_FAILURE_OR_SURVIVAL	NO_OUTCOME_OBSERVED
ZZ-PN-2014-06	2014_CNIPA_NONRANDOM_8_FIRM_POLICY_INTERVIEWS	UNNAMED_COMPANY_SLOT_6	https://www.cnipa.gov.cn/art/2014/9/16/art_387_134049.html	IDENTITY_UNPUBLISHED_IN_2014_NOTICE	UNKNOWN	UNKNOWN_NOT_VERIFIED	UNKNOWN	UNKNOWN	UNPUBLISHED_IDENTITY_CANNOT_INFER_FAILURE_OR_SURVIVAL	NO_OUTCOME_OBSERVED
ZZ-PN-2014-07	2014_CNIPA_NONRANDOM_8_FIRM_POLICY_INTERVIEWS	UNNAMED_COMPANY_SLOT_7	https://www.cnipa.gov.cn/art/2014/9/16/art_387_134049.html	IDENTITY_UNPUBLISHED_IN_2014_NOTICE	UNKNOWN	UNKNOWN_NOT_VERIFIED	UNKNOWN	UNKNOWN	UNPUBLISHED_IDENTITY_CANNOT_INFER_FAILURE_OR_SURVIVAL	NO_OUTCOME_OBSERVED
ZZ-PN-2014-08	2014_CNIPA_NONRANDOM_8_FIRM_POLICY_INTERVIEWS	UNNAMED_COMPANY_SLOT_8	https://www.cnipa.gov.cn/art/2014/9/16/art_387_134049.html	IDENTITY_UNPUBLISHED_IN_2014_NOTICE	UNKNOWN	UNKNOWN_NOT_VERIFIED	UNKNOWN	UNKNOWN	UNPUBLISHED_IDENTITY_CANNOT_INFER_FAILURE_OR_SURVIVAL	NO_OUTCOME_OBSERVED
