year,historical_anchor,anchor_kind,source_key,steam_total_games,steam_2d_platformer_tag,steam_3d_platformer_tag,steam_top_down_shooter_tag,steam_open_world_survival_craft_tag,ggj_submitted_games,ggj_registered_jammers,fortnite_creators,fortnite_published_islands
1958,Tennis for Two,EARLY_F,CHM,,,,,,,,,
1959,,,,,,,,,,,,
1960,,,,,,,,,,,,
1961,,,,,,,,,,,,
1962,Spacewar!,EARLY_F,CHM,,,,,,,,,
1963,,,,,,,,,,,,
1964,,,,,,,,,,,,
1965,,,,,,,,,,,,
1966,,,,,,,,,,,,
1967,,,,,,,,,,,,
1968,,,,,,,,,,,,
1969,,,,,,,,,,,,
1970,,,,,,,,,,,,
1971,Computer Space,COMMERCIAL_EVENT,CHM,,,,,,,,,
1972,Pong,COMMERCIAL_EVENT,CHM,,,,,,,,,
1973,,,,,,,,,,,,
1974,,,,,,,,,,,,
1975,,,,,,,,,,,,
1976,,,,,,,,,,,,
1977,Atari VCS 2600,PLATFORM_EVENT,CHM,,,,,,,,,
1978,,,,,,,,,,,,
1979,,,,,,,,,,,,
1980,Battlezone vector 3D,3D_PRO_EVENT,ARCADE,,,,,,,,,
1981,Donkey Kong,2D_PRO_EVENT,NINTENDO_HISTORY,,,,,,,,,
1982,,,,,,,,,,,,
1983,Manic Miner,2D_INDIE_EVENT,WOS,,,,,,,,,
1984,Elite (2-person 3D),3D_INDIE_EVENT,ELITE,,,,,,,,,
1985,Super Mario Bros.,2D_PRO_EVENT,NINTENDO,,,,,,,,,
1986,,,,,,,,,,,,
1987,,,,,,,,,,,,
1988,,,,,,,,,,,,
1989,,,,,,,,,,,,
1990,,,,,,,,,,,,
1991,,,,,,,,,,,,
1991,Sonic the Hedgehog (core team 5-7),2D_MID_CORE,SONIC_INTERVIEW,,,,,,,,,
1992,Wolfenstein 3D / Virtua Racing,3D_PRO_EVENT,CHM,,,,,,,,,
1993,DOOM + WAD mod opening,3D_FRONTIER_AND_MOD,CHM,,,,,,,,,
1994,,,,,,,,,,,,
1995,,,,,,,,,,,,
1996,Super Mario 64 / Crash Bandicoot / Quake,3D_PRO_FRONTIER,NINTENDO+NDOG,,,,,,,,,
1997,,,,,,,,,,,,
1998,,,,,,,,,,,,
1998,Spyro the Dragon (Insomniac 13 credits),3D_MID_CORE,SPYRO_CREDITS,,,,,,,,,
1999,GameMaker / Counter-Strike mod,TOOL_AND_MOD,GM+COUNTER_STRIKE,,,,,,,,,
2000,,,,,,,,,,,,
2001,,,,,,,,,,,,
2002,,,,,,,,,,,,
2003,,,,,,,,,,,,
2004,Cave Story,2D_INDIE_EVENT,CASE,,,,,,,,,
2005,Unity launched,AUTHOR_TOOL,UNITY,,,,,,,,,
2006,,,,70,1,1,1,,,,,
2007,,,,135,,3,2,,,,,
2008,,,,242,,5,,,,,,
2009,Minecraft public early versions,3D_INDIE_EVENT,CASE,380,2,4,4,,370,1650,,
2010,,,,275,4,5,7,,900,4300,,
2011,Terraria,2D_INDIE_EVENT,CASE,281,5,6,3,1,,6500,,
2012,Steam Greenlight / DayZ mod,MARKET_AND_MOD,VALVE,303,5,4,5,,2209,10684,,
2013,Steam Early Access / A Hat in Time Kickstarter,MARKET_AND_VALIDATION,KICK+VALVE,435,11,7,2,2,3248,16705,,
2014,UE4 affordable subscription / Godot public,AUTHOR_TOOL,UE4,1712,14,22,15,12,4292,23189,,
2015,,,,2820,50,37,59,17,5438,28800,,
2016,Stardew Valley,2D_INDIE_EVENT,CASE,4647,69,53,78,26,6866,36164,,
2017,A Hat in Time release / Steam Direct / PUBG,INDIE_MID_AND_MARKET,STEAM_HAT+VALVE,6925,96,104,119,20,7263,36401,,
2018,Fortnite Creative,UGC_PLATFORM,EPIC_CREATIVE,8863,144,129,124,32,8606,42800,,
2019,,,,8057,183,123,174,34,9010,47006,,
2020,Pumpkin Jack 3D indie platformer,3D_INDIE_EVENT,XBOX,9634,781,385,292,90,9601,48753,,
2021,,,,11210,1311,709,368,92,6383,28825,,
2022,,,,12236,1399,815,434,51,5860,33000,,
2023,Lethal Company early access / UEFN,3D_INDIE_AND_UGC,STEAM+EPIC_UEFN,14020,1531,1000,506,74,7637,33664,24000,
2024,Fortnite Creator year statistics,UGC_Q_COHORT,EPIC,18450,1962,1374,640,97,9964,34649,70000,198000
2025,,,,21261,2183,1479,720,92,12100,35427,,
2026,"GGJ reported 9,874 games",JAM_Q_COHORT,GGJ,,,,,,9874,39197,,
