platform,historical_release_year,visible_catalog_titles,source_url,source_level,comparability_warning
ZX Spectrum,1982,90,https://www.mobygames.com/platform/zx-spectrum/year%3A1982/,S2,All platform titles as archived; current dynamic
ZX Spectrum,1984,408,https://www.mobygames.com/platform/zx-spectrum/year%3A1984/sort%3Adate/,S2,Platform includes commercial and others; categories mixed
ZX Spectrum,1985,317,https://www.mobygames.com/platform/zx-spectrum/year%3A1985/sort%3Adate/,S2,Platform archival visibility; compiliations not removed
ZX Spectrum,1986,365,https://www.mobygames.com/platform/zx-spectrum/year%3A1986/sort%3Atitle/,S2,Historical dynamic snapshot
ZX Spectrum,1987,481,https://www.mobygames.com/platform/zx-spectrum/year%3A1987/,S2,Older indexed snapshot; not common freeze
ZX Spectrum,1988,406,https://www.mobygames.com/platform/zx-spectrum/year%3A1988/sort%3Adate/,S2,Historical dynamic snapshot
ZX Spectrum,1989,335,https://www.mobygames.com/platform/zx-spectrum/year%3A1989/,S2,Historical dynamic snapshot
MS-DOS,1990,600,https://www.mobygames.com/platform/dos/year%3A1990/sort%3Atitle/,S2,Compared pages showed 599/600 at different snapshots
MS-DOS,1993,839,https://www.mobygames.com/platform/dos/year%3A1993/,S2,DOS only; includes multiple genres and game bundles
MS-DOS,1995,776,https://www.mobygames.com/platform/dos/year%3A1995/sort%3Adate/,S2,DOS subset only; not the Windows releases
