family,project,first_public_year,one_point_zero_or_release_year,visual_format,world_design,content_multiplier,production_form,headcount_evidence,publisher_support,verified_claim_scope,source_url,source_grade,caution
WORLD,Ultima VII,1992,1992,2D_ISO,CONNECTED_AUTHORED,HAND_AUTHORED,STUDIO,NOT_CHECKED,Origin commercial publisher,2D seamless interactive world baseline,https://www.realmofultima.com/ultima7/ultima7.html,SECONDARY,Not all 2D projects low-cost
WORLD,Fallout 2,1998,1998,2D_ISO,HUB_ZONES,HAND_AUTHORED_TEXT,STUDIO,NOT_CHECKED,Interplay,2D RPG with many locations and narrative interactions; size not quantified here,https://www.mobygames.com/game/575/fallout-2/,CATALOG,"WORLD is expansive RPG, not fully continuous map"
WORLD,Daggerfall,1996,1996,HYBRID_3D_SPRITES,PROCEDURAL_LARGE,PROCEDURAL_AND_REPEAT,STUDIO,NOT_CHECKED,Bethesda,procedural world ~188000 square miles Guinness; not hand-authored detail,https://www.guinnessworldrecords.com/world-records/109428-largest-playable-area-in-an-rpg-videogame,SECONDARY,Do not infer budget or density from area
WORLD,Morrowind,2002,2002,3D_POLY,HAND_AUTHORED_OPEN,HIGHER_DENSITY_HAND,STUDIO,NOT_CHECKED,Bethesda,smaller (~24 sq km secondary) with richer local authored assets,https://www.pcgamer.com/the-evolution-of-the-elder-scrolls/3/,SECONDARY,Contrasts procedural area not equivalent content
WORLD,Super Mario 64,1996,1996,3D_POLY,LEVEL_HUB,HIGH_LOCAL_FIDELITY,STUDIO,NOT_CHECKED,Nintendo,3D platform levels not same genre as 2D open-world CRPG,https://www.nintendo.com/jp/character/mario/en/history/index.html,PRIMARY,negative control: do not compare world surface
WORLD,Terraria,2011,2011,2D_TILE,PROCEDURAL_LARGE,SYSTEM_COMBINATORIAL,INDIE,NOT_CHECKED,Re-Logic,procedural 2D world with mining building bosses and multiplayer,https://store.steampowered.com/app/105600/Terraria/,PRIMARY,"2D sandbox, not RPG story open world"
WORLD,Dwarf Fortress,2006,2022,2D_TILE_ASCII,PROCEDURAL_LARGE,SYSTEMIC_SIM,INDIE_ORIGIN_EXPANDING,TWO_CORE_ORIGIN,Kitfox publisher for 2022 Steam only,2006 original vs 2022 graphics Steam must separate,https://store.steampowered.com/app/975370/Dwarf_Fortress/,PRIMARY,early version release date needs distinct supporting source
WORLD,Project Zomboid,2011,2013,2D_ISO_HYBRID,CONNECTED_SIM,HAND_PLUS_SYSTEMS,INDIE_EXPANDING,NOT_CHECKED,Self published,2013 steam early access; sandbox RPG and co-op,https://store.steampowered.com/app/108600/Project_Zomboid/,PRIMARY,2011 early public candidate needs archive
WORLD,Starbound,2013,2016,2D_TILE,PROCEDURAL_UNIVERSE,PROCEDURAL_PLUS_AUTHORED,INDIE_PUBLISHER_STUDIO,NOT_CHECKED,Chucklefish commercial studio,"2013 Steam EA / 2016 1.0; >$1m 2013 preorders, one million copies in 3 months per dev",https://playstarbound.com/presskit/,PRIMARY,2D large world author ecosystem but scale not full hand authored
WORLD,Factorio,2012,2020,2D_ISO_FROM_3D_ASSETS,PROCEDURAL_LARGE,SYSTEMIC_AUTOMATION,SMALL_TO_STUDIO,2_PROGRAMMERS_1_ART_ORIGIN,Wube self published,"2012 start, 2016 steam, 2020 1.0; grew to ~30",https://factorio.com/support/press-kit,PRIMARY,asset pipeline uses Blender 3D sprites not a pure 2D asset workflow
WORLD,Minecraft,2009,2011,3D_VOXEL,PROCEDURAL_LARGE,PROCEDURAL_PLUS_SYSTEMS,PERSON_ORIGIN_GROWING,NOT_CHECKED,Mojang,"2009 public alpha, voxel reusable pieces and feedback loops",https://www.minecraft.net/en-us/article/15-years-minecraft,PRIMARY,technical prototype vs commercial 1.0
WORLD,Valheim,2021,2021,3D_LOWPOLY,PROCEDURAL_OPEN,SYSTEMIC_SURVIVAL_COOP,INDIE_PUBLISHER_SUPPORTED,FIVE_AT_EA_2021,Coffee Stain Publishing,five-person 2021 launch team; publisher access differs from solo,https://www.washingtonpost.com/video-games/2021/03/09/valheim-developer-interview-updates/,PRESS,team number launch only; not current
WORLD,Core Keeper,2022,2024,2D_TILE,PROCEDURAL_CAVERN,SYSTEMIC_SURVIVAL_COOP,INDIE_PUBLISHER_SUPPORTED,NOT_CHECKED,Fireshine Games publisher,"2022 Steam EA, 2024 1.0, up to 8 players",https://store.steampowered.com/app/1621690/Core_Keeper/,PRIMARY,"co-op and game world, publisher support"
WORLD,Caves of Qud,2010,2024,2D_TILE_ASCII,PROCEDURAL_OPEN,DEEP_SYSTEM_RPG,INDIE_LONGTERM,DUO_ORIGIN,Kitfox publisher 1.0,"2010 beta, 2015 EA, 2024 1.0, 17 years reported by studio",https://freeholdgames.itch.io/cavesofqud/devlog/845582/caves-of-qud-10-out-now,PRIMARY,original presskit mistakenly says full release 2023; corrected with contemporary log
WORLD,Necesse,2019,2025,2D_TILE,PROCEDURAL_OPEN,SYSTEMIC_COLONY_COOP,SOLO_TO_STUDIO,SOLO_ORIGIN_7_LATER,Fair Games self publish,"2012 solo hobby start, 2019 EA, 2025 1.0, later 7 devs",https://necessegame.com/presskit,PRIMARY,do not call 2025 solo game
MULTIPLAYER,Blazing Sails,2020,2023,3D_STYLIZED,ARENA_SESSION,PLAYER_GENERATED_REPLAY,THREE_DEV_PLUS_COMMUNITY,3_DEV_1_COMMUNITY_2019,Iceberg published VAF/Flanders grant Epic MegaGrants,"three devs intentionally avoided content-heavy exploration; 2020 EA, 2023 1.0",https://www.unrealengine.com/developer-interviews/a-family-bands-together-to-develop-pirate-battle-royale-game-blazing-sails,PRIMARY_INTERVIEW,2019 headcount not full project personmonths
MULTIPLAYER,Among Us,2018,2018,2D_LOW_ASSET,ARENA_SESSION,SOCIAL_RULES,INDIE,3_DEV_RELEASE,Innersloth self published,"2018 mobile local first, later online and breakout 2020",https://www.innersloth.com/press-kit-among-us/,PRIMARY,not proof every 2D social game succeeds
MULTIPLAYER,BattleBit Remastered,2023,2023,3D_LOW_POLY,BATTLE_ARENA,NETCODE_AND_SERVER,THREE_DEV,3_NAMED_DEVS,Self published,"Steam lists three devs, 254 players/server and destructible environments",https://store.steampowered.com/app/671860/BattleBit_Remastered/,PRIMARY,not three labor years total; ongoing support/servicing costs
MULTIPLAYER,Crab Game,2021,2021,3D_SIMPLE,ARENA_SESSION,UGC_STYLE_SOCIAL,SOLO_CREATOR,SOLO_AS_AUTHOR,Creator free release built after Muck multiplayer experience,"creator says developed in ~3 weeks, leveraging prior multiplayer skills",https://www.youtube.com/watch?v=_ze26M_Fm6g,PRIMARY_DEV_VIDEO,rapid prototype not normalized career capability
MULTIPLAYER,Lethal Company,2023,2023,3D_STYLIZED,REPEATABLE_LEVELS,COOP_EMERGENT,SOLO_LEAD,DEV_NAME_NOT_TOTAL_FTE,Zeekerss self published,small lead authored co-op early access,https://store.steampowered.com/app/1966720/Lethal_Company/,PRIMARY,Steam developer label not proof no help
IMMERSIVE_SIM,Ctrl Alt Ego,2015,2022,3D_STYLIZED,LEVEL_SANDBOX,AGENCY_POSSESSION_RULES,TWO_THEN_ONE,2_PARTTIME_START_TO_1_FULLTIME,MindThunk self published,2015 two part-time veteran devs; split 2019; solo completion 2022,https://mindthunk.com/media-kit-1,PRIMARY,seven year path; not simple solo 2022 production
IMMERSIVE_SIM,Gloomwood,2022,2022,3D_RETRO,INTERCONNECTED_LEVELS,STEALTH_SIM_RESOURCE,SMALL_CREATIVE_TEAM,4_NAMED_DEVS_STEAM,New Blood publisher,2022 early access not 1.0; Steam names four developers,https://store.steampowered.com/app/1150760/Gloomwood/,PRIMARY,"EA ongoing, four names does not imply four fulltime FTE"
IMMERSIVE_SIM,Blood West,2022,2023,3D_RETRO,NONLINEAR_REGIONS,STEALTH_RPG_SYSTEMS,STUDIO_SMALL_UNVERIFIED,UNKNOWN,Hyperstrange + New Blood,2022 EA first region 2023 1.0 3 regions and 20+ hours per store,https://hyperstrange.com/2022/02/welcome-to-blood-west-gunslingers/,PRIMARY,immersive-lite; not necessarily full systemic immersive sim
IMMERSIVE_SIM,Shadows of Doubt,2023,2024,3D_VOXEL_STYLIZED,PROCEDURAL_CITY,DEEP_NPC_SIM,SOLO_ORIGIN_TEAM_GROWN,SOLO_ORIGIN_GROWN,Fireshine publisher,dev blog 2018 discussed many NPC routines; 2024 1.0 after ~8 years; technical debt patches,https://colepowered.com/shadows-of-doubt-devblog-1-0/,PRIMARY,"2023 EA, not one-person 2024 released product"
IMMERSIVE_SIM,CORPUS EDAX,2024,2024,3D_STYLIZED,MISSION_ZONES,MELEE_STEALTH_DIALOGUE,SOLO_DEV_LISTED,LUIS_BENTO_LISTED,Self published,2024 released with choices stealth melee; named one developer,https://store.steampowered.com/app/2017610/Corpus_Edax/,PRIMARY,no claim of all credits solo
IMMERSIVE_SIM,Peripeteia,2025,,3D_RETRO,LARGE_INTERCONNECTED_LEVELS,STEALTH_DIALOGUE_CLIMB_HACK,SMALL_TEAM_UNVERIFIED,UNKNOWN,Ninth Exodus self-publish,"2025 Feb EA, current store says 5 missions 30+ hours; not 1.0",https://store.steampowered.com/app/1437760/Peripeteia/,PRIMARY,store self-reported playtime and features; later updates mutable
