year,game_or_system,genre,visual_format,network_scope_at_release,network_play_mode,service_and_social_layer,evidence_type,region_year_scope,key_function_and_limit,source_url,source_grade
1972,Pong,ARCADE_SPORTS,2D_SINGLE_SCREEN,SAME_MACHINE,DUAL_CONTROLLERS,NONE,COMMERCIAL,USA_1972,Two players on a common cabinet; no network assumed,https://americanhistory.si.edu/blog/2012/04/pong-atari-and-the-origins-of-the-home-video-game.html,ARCHIVAL
1992,Super Mario Kart,KART_RACING,MODE7_2D_SPLITSCREEN,SAME_MACHINE,SHARED_CONSOLE_2P,NONE,COMMERCIAL,JAPAN_1992,Race/arena interactions on one SNES; no network service,https://www.nintendo.com/jp/character/mario/en/history/index.html,PRIMARY
1993,DOOM,FPS,PSEUDO_3D,LAN_PRIMARY,IPX_LAN_PEER_AND_EARLY_DIAL,PLAYER_RUN_SESSION,COMMERCIAL,USA_1993,"LAN fast-action multiplayer anchor, optional modem/direct modes; not internet impossible before late 1990s",https://www.gafferongames.com/post/what_every_programmer_needs_to_know_about_game_networking/,TECH_SECONDARY
1996,Mario Kart 64,KART_RACING,3D_SPLITSCREEN,SAME_MACHINE,SHARED_CONSOLE_4P,NONE,COMMERCIAL,JAPAN_1996_12_14,"Four players on one N64, no online design required",https://www.nintendo.com/jp/character/mario/history/kart_64/index.html,PRIMARY
1996,QuakeWorld,FPS,3D_POLY,WAN_INTERNET,CLIENT_SERVER_PREDICTION,MASTER_SERVER_LIST_PLAYER_RUN_SERVERS,PRO_TECH,USA_1996,Designed to make dial-up WAN FPS more responsive; not identical to LAN,https://www.gamers.org/dEngine/quake/archive/a_july96/0000.html,PRIMARY_CONTEMP
1997,Age of Empires,RTS,2D_SPRITES,LAN_MODEM_WAN,DETERMINISTIC_LOCKSTEP,DIRECT_INTERNET_OR_LAN_SESSIONS,PRO_TECH,USA_1997,"Developed from 1996 for 8p over 28.8k modem, LAN and Internet; lower-frequency commands",https://www.gamedeveloper.com/programming/1500-archers-on-a-28-8-network-programming-in-age-of-empires-and-beyond,PRIMARY_POSTMORTEM
1998,StarCraft,RTS,2D_ISOMETRIC,LAN_MODEM_WAN,LOCKSTEP_FAMILY_NEEDS_VERIFY_EXACT,BATTLE_NET_LOBBY_RANKING_AND_LAN,PRODUCT_MANUAL,USA_1998,Official manual separately lists Battle.net 2-8p worldwide and LAN/direct modem; did not start as LAN only,https://ftp.blizzard.com/pub/misc/StarCraft.PDF,PRIMARY_MANUAL
1998,Mario Party,PARTY_MINIGAMES,3D_LOCAL_PARTY,SAME_MACHINE,SHARED_CONSOLE_4P,NONE,COMMERCIAL,JAPAN_1998_12_18,N64 same-room party game 1998 Japan; NA first release 1999; online 2022 NSO emulation is not original feature,https://www.nintendo.com/jp/character/mario/history/party/index.html,PRIMARY
1999,Super Smash Bros.,PLATFORM_FIGHTER,3D_MODELS_SIDE_ON,SAME_MACHINE,SHARED_CONSOLE_4P,NONE,COMMERCIAL,JAPAN_1999,N64 simultaneous local 2-4 players; 2009 virtual console port is not original release,https://www.nintendo.com/en-gb/Games/Nintendo-64/Super-Smash-Bros-269756.html,PRIMARY
1999,Counter-Strike early Half-Life mod,TEAM_FPS,3D_POLY,LAN_AND_EARLY_INTERNET,CLIENT_SERVER_REUSED_GOLDSRC,COMMUNITY_SERVERS_MANUAL_BROWSER,COMMUNITY_MOD,USA_1999_BETA,"LAN often better QoS; Internet community servers existed, not categorically LAN-only; evidence first beta specific distribution needs further contemporary confirmation",https://blog.counter-strike.net/history/,PRIMARY_STUDIO_HISTORY
2000,Counter-Strike 1.0,TEAM_FPS,3D_POLY,LAN_AND_WAN_INTERNET,CLIENT_SERVER_HOSTED_SERVERS,PUBLIC_SERVER_BROWSER_COMMUNITY,COMMERCIAL,USA_2000_11_01,"Steam official listing labels it online action game, quality differs across connections/regions",https://store.steampowered.com/app/10/CounterStrike/,PRIMARY_PUBLISHER
2000,Phantasy Star Online,ONLINE_COOP_ARPG,3D_POLY,WAN_INTERNET,ONLINE_PARTY_INSTANCE,CONSOLE_ONLINE_SERVICE,COMMERCIAL,JAPAN_2000_12,Sega 2000 December release; 4-player online party; mass simultaneous virtual world scale should not be inferred,https://www.sega.jp/history/companyTimeline/en/,PRIMARY
2003,Mario Kart Double Dash!!,KART_RACING,3D_SPLITSCREEN,SAME_MACHINE_PLUS_LAN,SHARED_CONSOLE_OR_LOCAL_GAMECUBE_LAN,LOCAL_BROADBAND_ADAPTER_NO_INTERNET_REQUIRED,COMMERCIAL,EUROPE_2003_11_14,Broadband adapters connect GameCube and multiple TVs up to 8 local players; local multiplayer did not vanish when LAN emerged,https://www.nintendo.com/en-gb/Games/Nintendo-GameCube/Mario-Kart-Double-Dash--268269.html,PRIMARY
2005,Mario Kart DS,KART_RACING,3D_PORTABLE,LOCAL_WIRELESS_AND_WAN,8_NEARBY_4_WAN_PLAYERS,NINTENDO_WIFI_CONNECTION,COMMERCIAL,JAPAN_GLOBAL_2005,Nintendo developer interview: initial 8 local nearby wireless; online 4 despite similar race rules because Internet delivery required constraints,https://www.nintendo.com/en-gb/Iwata-Asks/Iwata-Asks-Mario-Kart-Wii/Bringing-Racers-Together/2-Motivated-by-Frustration/2-Motivated-by-Frustration-214567.html,PRIMARY_DEVELOPER
2007,CROSSFIRE South Korea,TEAM_FPS,3D_POLY,WAN_SERVICE_REGION,CLIENT_SERVER_INTERNET,REGIONAL_FPS_ONLINE_SERVICE,COMMERCIAL,KOREA_2007_05,Official Korean market commercial start; not invention of Internet FPS or client prediction,https://m.smilegate.com/ko/company/history.do,PRIMARY_CORPORATE
2008,CROSSFIRE China,TEAM_FPS,3D_POLY,WAN_NATIONWIDE_COMMERCIAL,CLIENT_SERVER_OPERATOR_FLEET,CENTRAL_ID_DISCOVERY_QQ_DISTRIBUTION_OPERATIONS,COMMERCIAL_SCALE,CHINA_2008_07,"2007 Chinese market entry vs 2008 July commercialization; operating national online user ecosystem, not universal same ping in all China",https://m.smilegate.com/ko/company/history.do,PRIMARY_CORPORATE
2008,Super Smash Bros. Brawl,PLATFORM_FIGHTER,3D_SIDE_ON,SAME_MACHINE_AND_WAN,LOCAL_PARTY_AND_ONLINE_MATCH,NINTENDO_WIFI_FRIEND_OR_ANYONE,COMMERCIAL,WII_2008,Developer interview emphasizes planned online friends/random matches; not same feature set as N64 original,https://iwataasks.nintendo.com/interviews/wii/ssbb/2/0/,PRIMARY_DEVELOPER
2009,CROSSFIRE China 1m simultaneous,TEAM_FPS,3D_POLY,WAN_NATIONWIDE_COMMERCIAL,CLIENT_SERVER_OPERATOR_FLEET,LARGE_SCALE_REGIONAL_SERVICE,AUDIENCE_SCALE,CHINA_2009_04,Smilegate chronology lists China 1 million concurrency milestone; verify chronology versus other 2008 duplicated region snippets,https://www.smilegate.com/ko/company/history.do,PRIMARY_CORPORATE
2018,Super Smash Bros. Ultimate,PLATFORM_FIGHTER,3D_SIDE_ON,SAME_MACHINE_LOCAL_WIRELESS_WAN,LOCAL_8_ONLINE_4_AND_REGIONAL_PRIORITIZATION,NINTENDO_SWITCH_ONLINE,COMMERCIAL,SWITCH_2018,"Nintendo describes local same console up to 8, online up to 4 and preference to same region; indicates coexistence not linear replacement",https://www.smashbros.com/en_GB/howtoplay/communication.html,PRIMARY
2023,BattleBit Remastered,MASSIVE_LOWPOLY_TEAM_FPS,3D_LOWPOLY,WAN_COMMERCIAL,HIGH_PLAYERCOUNT_SERVER_PREDICTION_UNVERIFIED,STEAM_SERVERS_COMMUNITY,INDIE_EXAMPLE,STEAM_2023_EA,Three named creators and up to 254 simultaneous combatants: not evidence of 254 across globe at zero latency or dev zero external cost,https://store.steampowered.com/app/671860/BattleBit_Remastered/,PRIMARY_STORE
2023,Lethal Company,COOP_HORROR,3D_STYLIZED,WAN_COMMERCIAL,SMALL_COOP_SESSION,STEAM_HOST_OR_JOIN,INDIE_EXAMPLE,STEAM_2023_EA,Micro-team authored Internet co-op product; topology/netcode costs require separate evidence,https://store.steampowered.com/app/1966720/Lethal_Company/,PRIMARY_STORE
