reference_year,measurement_as_of,china_internet_users_million_people,china_broadband_users_million_people,source_url,grade,caveat
1997,1997-10-31,0.63,,https://www.cnnic.net.cn/n4/2022/0401/c88-778.html,P1,initial survey; not year-end Dec
1998,1998-06-30,1.175,,https://www.cnnic.net.cn/n4/2022/0401/c88-780.html,P0,"midyear June, not year-end"
1999,1999-12-31,8.9,,https://www3.cnnic.cn/n4/2022/0401/c88-823.html,P0,fifth CNNIC original Dec 31; syndicated timeline has another 1999 4m survey publication-date mismatch
2000,2000-12-31,22.5,,https://tech.sina.com.cn/z/cnnic26/,P1,"CNNIC sevenths released Jan 2001, syndicated historical table"
2001,2001-12-31,33.7,,https://tech.sina.com.cn/z/cnnic26/,P1,"CNNIC ninth released Jan 2002, syndicated historical table"
2002,2002-12-31,59.1,6.6,https://tech.sina.com.cn/z/cnnic26/,P1,CNNIC eleventh released Jan 2003; broadband people not subscriptions
2003,2003-12-31,79.5,17.4,https://tech.sina.com.cn/z/cnnic26/,P1,CNNIC thirteenth published Jan 2004
2004,2004-12-31,94,42.8,https://tech.sina.com.cn/z/cnnic26/,P1,CNNIC fifteenth published Jan 2005
2005,2005-12-31,111,64.3,https://www3.cnnic.cn/n4/2022/0401/c88-797.html,P0,CNNIC 17th as of Dec 2005; broad band persons not home subscription
2006,2006-12-31,137,90.7,https://tech.sina.com.cn/z/cnnic26/,P1,CNNIC 19th Jan 2007; broadband users persons
2007,2007-12-31,210,163,https://tech.sina.com.cn/z/cnnic26/,P1,CNNIC 21st Jan 2008; broadband users persons
2008,2008-12-31,298,270,https://www.cnnic.cn/n4/2022/0401/c88-808.html,P0,"CNNIC 23rd 2009 Jan, numbers validated by CNNIC 25th 2009 year-end growth"
2009,2009-12-31,384,346,https://www.cnnic.cn/n4/2022/0401/c88-808.html,P0,"CNNIC 25th published Jan 2010, end-2009; home access 83.2%"
2010,2010-12-31,457,450,https://www.cnnic.com.cn/IDR/BasicData/,P1,"CNNIC end-2010 total users; broadband 450m corroborated state 2010 report but different later definitions, use with caution"
