date,geography,indicator,value,unit,reference_scope,source_url,grade,limitation
2005-12-31,China,Shanda portfolio peak concurrency,2.68,million concurrent accounts,all commercially launched online games portfolio,https://www.sec.gov/Archives/edgar/data/1278308/000114554906000926/h00616e20vf.htm,FILING_P0,not one title; includes different network game genres
2005-12-31,China,Shanda portfolio average concurrency,1.38,million concurrent accounts,all commercially launched online games portfolio,https://www.sec.gov/Archives/edgar/data/1278308/000114554906000926/h00616e20vf.htm,FILING_P0,not comparable to CF single game peak
2005-12-31,China,Shanda nation-wide network claimed design capacity,6.6,million concurrent capacity,operator server technical claimed capacity,https://www.sec.gov/Archives/edgar/data/1278308/000114554906000926/h00616e20vf.htm,FILING_P0,capacity not realized CCU
2005-12-31,China,Shanda prepaid card distribution outlets,310000,retail points,physical nation-wide game payment/distribution,https://www.sec.gov/Archives/edgar/data/1278308/000114554906000926/h00616e20vf.htm,FILING_P0,distribution network not unique paying customers
2005-12-31,China,Haofang PC game network peak concurrency,0.535,million peak concurrent accounts,traditional PC LAN-capable games matched through Internet,https://www.sec.gov/Archives/edgar/data/1278308/000114554906000926/h00616e20vf.htm,FILING_P0,Haofang platform not exactly single CS player pool and does not prove low RTT
2006,China,Online game players visiting Internet cafes,41.7,percent,"IDC subset: online game players, quoted in 2008 SEC",https://www.sec.gov/Archives/edgar/data/1349507/000113717108000848/infocircular.htm,SECONDARY_IN_FILING,denominator ONLINE GAME PLAYERS; not same 2008 CNNIC ALL INTERNET USERS
2008-06-30,China,All Internet users accessing at Internet cafes,39.2,percent,CNNIC Internet respondents multiple selection,https://www3.cnnic.cn/n4/2022/0401/c88-813.html,PRIMARY_STAT,multi-select may also use home
2008-06-30,China,All Internet users accessing at Internet cafes,99.18,million people,CNNIC all Internet users multiple-selection estimate,https://www3.cnnic.cn/n4/2022/0401/c88-813.html,PRIMARY_STAT,NOT online gamers; not unique café only users
2008-06-30,China,All Internet users accessing from home,74.1,percent,CNNIC Internet respondents multiple-selection,https://www3.cnnic.cn/n4/2022/0401/c88-813.html,PRIMARY_STAT,overlaps Internet cafe attendees
2008-06-30,China,Age <=24 among Internet-cafe Internet users,70.7,percent,CNNIC subset: Internet-cafe Internet users,https://www3.cnnic.cn/n4/2022/0401/c88-813.html,PRIMARY_STAT,subset within café population; not share of all young Internet users
2009-12-31,China,All Internet users accessing from home,83.2,percent,CNNIC all Internet users multiple-selection,https://www.cnnic.cn/n4/2022/0401/c88-808.html,PRIMARY_STAT,"reported access location, not domestic household broadband subscriber lines"
2010-06-30,China,All Internet users accessing from home,88.4,percent,CNNIC all Internet users multiple-selection,https://tech.sina.com.cn/z/cnnic26/,PRIMARY_STAT_REPRINT,not exclusive location
2010-06-30,China,All Internet users accessing at Internet cafes,33.6,percent,CNNIC all Internet users multiple-selection,https://tech.sina.com.cn/z/cnnic26/,PRIMARY_STAT_REPRINT,different date from 2008; no game-specific cohort
2008-06-02,China,China Telecom and CNC interconnection bottleneck,1,contemporary report,internet café use of dual ISP fibre,https://net.zhiding.cn/network_security_zone/2008/0602/897468.shtml,INDUSTRY_CONTEMPORARY,"qualitative bottleneck, no measured regional RTT/P95 or packet loss"
2008-07,China,CROSSFIRE Chinese commercial service launched,1,operator commercial launch event,single online team-FPS game,https://www.smilegate.com/ko/company/history.do,DEVELOPER_PRIMARY,2007 July China market entry is not 2008 commercial start
2009-04,China,CROSSFIRE claimed China peak concurrency,1,million simultaneous users,single online team-FPS game operator history Korean,https://www.smilegate.com/ko/company/history.do,DEVELOPER_PRIMARY,English history misplaces 1m milestone under 2008 July; Korean/Japanese pages identify April 2009
