year,platform,population,measurement,usd_threshold,creator_count,source_url,inclusive,notes
2024,Fortnite Creative+UEFN,ecosystem_creators,annual_payout_at_least,100,12909,https://cdn2.unrealengine.com/fne-creator-payout-graph-jan2025-update-enus-1920x1080-ded4358ee38c.jpg,true,Official Epic chart says counts per tier inclusive and reflect actual 2024 payouts
2024,Fortnite Creative+UEFN,ecosystem_creators,annual_payout_at_least,1000,5358,https://cdn2.unrealengine.com/fne-creator-payout-graph-jan2025-update-enus-1920x1080-ded4358ee38c.jpg,true,Official Epic chart says counts per tier inclusive and reflect actual 2024 payouts
2024,Fortnite Creative+UEFN,ecosystem_creators,annual_payout_at_least,10000,1728,https://cdn2.unrealengine.com/fne-creator-payout-graph-jan2025-update-enus-1920x1080-ded4358ee38c.jpg,true,Official Epic chart says counts per tier inclusive and reflect actual 2024 payouts
2024,Fortnite Creative+UEFN,ecosystem_creators,annual_payout_at_least,100000,418,https://cdn2.unrealengine.com/fne-creator-payout-graph-jan2025-update-enus-1920x1080-ded4358ee38c.jpg,true,Official Epic chart says counts per tier inclusive and reflect actual 2024 payouts
2024,Fortnite Creative+UEFN,ecosystem_creators,annual_payout_at_least,300000,154,https://cdn2.unrealengine.com/fne-creator-payout-graph-jan2025-update-enus-1920x1080-ded4358ee38c.jpg,true,Official Epic chart says counts per tier inclusive and reflect actual 2024 payouts
2024,Fortnite Creative+UEFN,ecosystem_creators,annual_payout_at_least,1000000,37,https://cdn2.unrealengine.com/fne-creator-payout-graph-jan2025-update-enus-1920x1080-ded4358ee38c.jpg,true,Official Epic chart says counts per tier inclusive and reflect actual 2024 payouts
2024,Fortnite Creative+UEFN,ecosystem_creators,annual_payout_at_least,3000000,14,https://cdn2.unrealengine.com/fne-creator-payout-graph-jan2025-update-enus-1920x1080-ded4358ee38c.jpg,true,Official Epic chart says counts per tier inclusive and reflect actual 2024 payouts
2024,Fortnite Creative+UEFN,ecosystem_creators,annual_payout_at_least,10000000,7,https://cdn2.unrealengine.com/fne-creator-payout-graph-jan2025-update-enus-1920x1080-ded4358ee38c.jpg,true,Official Epic chart says counts per tier inclusive and reflect actual 2024 payouts
2023,Fortnite Creative+UEFN,ecosystem_creators,annual_active_creator_total,,24000,https://www.fortnite.com/news/fortnite-ecosystem-2024-year-in-review-celebrating-creators-and-looking-ahead,,Official Epic 2024 review 2023 comparison, rounded
2024,Fortnite Creative+UEFN,ecosystem_creators,annual_active_creator_total,,70000,https://www.fortnite.com/news/fortnite-ecosystem-2024-year-in-review-celebrating-creators-and-looking-ahead,,Creator total is not necessarily eligible for payouts or independent studio
2024,Fortnite Creative+UEFN,published_islands,published_islands,,198000,https://www.fortnite.com/news/fortnite-ecosystem-2024-year-in-review-celebrating-creators-and-looking-ahead,,Content artifacts not creators; 137000 UEFN-specific
2024,Fortnite UEFN,published_islands,published_islands,,137000,https://www.fortnite.com/news/fortnite-ecosystem-2024-year-in-review-celebrating-creators-and-looking-ahead,,Subset of Fortnite total 198000
2024,Roblox DevEx,qualifying_and_registered_creators,year_end_eligible_creators,,24500,https://www.sec.gov/Archives/edgar/data/1315098/000131509826000024/rblx-20251231.htm,,SEC annual year-end qualified and registered; approximate over count
2025,Roblox DevEx,qualifying_and_registered_creators,year_end_eligible_creators,,35500,https://www.sec.gov/Archives/edgar/data/1315098/000131509826000024/rblx-20251231.htm,,SEC annual year-end qualified and registered; > count
2025,Roblox DevEx,cash_paid_creators,annual_cash_recipients,,23500,https://www.sec.gov/Archives/edgar/data/1315098/000131509826000024/rblx-20251231.htm,,SEC annual paid fiat; > count; 2024 equivalent not established
2024,Roblox DevEx,qualifying_and_registered_creators,median_annual_usd_receipt,1575,,https://brands.roblox.com/resources/activating-on-roblox-the-virtual-economy,,Official Roblox marketing: median among DevEx, exact cohort/time definition requires attention
2025,Roblox DevEx,qualifying_and_registered_creators,median_annual_usd_receipt,1550,,https://create.roblox.com/docs/monetize,,Official Roblox creator hub; different moving edition of median
