release_year,publisher,reported_new_game_releases,region_covered,survey_count_type,source_url,source_review_status
1982,"Avalon Hill",22,US_computer_game_publisher_survey,responded_top_30,https://www.cgwmuseum.org/galleries/issues/cgw_3.2.pdf,indexed_text_not_visual_pdf_verified
1982,"Atari Program Exchange",20,US_computer_game_publisher_survey,responded_top_30,https://www.cgwmuseum.org/galleries/issues/cgw_3.2.pdf,indexed_text_not_visual_pdf_verified
1982,"Thorn EMI Video",19,US_computer_game_publisher_survey,responded_top_30,https://www.cgwmuseum.org/galleries/issues/cgw_3.2.pdf,indexed_text_not_visual_pdf_verified
1982,"Datamost",18,US_computer_game_publisher_survey,responded_top_30,https://www.cgwmuseum.org/galleries/issues/cgw_3.2.pdf,indexed_text_not_visual_pdf_verified
1982,"Spectral Associates",15,US_computer_game_publisher_survey,responded_top_30,https://www.cgwmuseum.org/galleries/issues/cgw_3.2.pdf,indexed_text_not_visual_pdf_verified
1982,"Epyx/Automated Simulations",14,US_computer_game_publisher_survey,responded_top_30,https://www.cgwmuseum.org/galleries/issues/cgw_3.2.pdf,indexed_text_not_visual_pdf_verified
1982,"Adventure International",13,US_computer_game_publisher_survey,responded_top_30,https://www.cgwmuseum.org/galleries/issues/cgw_3.2.pdf,indexed_text_not_visual_pdf_verified
1982,"Broderbund Software",13,US_computer_game_publisher_survey,responded_top_30,https://www.cgwmuseum.org/galleries/issues/cgw_3.2.pdf,indexed_text_not_visual_pdf_verified
1982,"Futureview",13,US_computer_game_publisher_survey,responded_top_30,https://www.cgwmuseum.org/galleries/issues/cgw_3.2.pdf,indexed_text_not_visual_pdf_verified
1982,"Gebelli Software",13,US_computer_game_publisher_survey,responded_top_30,https://www.cgwmuseum.org/galleries/issues/cgw_3.2.pdf,indexed_text_not_visual_pdf_verified
1982,"Sirius Software",13,US_computer_game_publisher_survey,responded_top_30,https://www.cgwmuseum.org/galleries/issues/cgw_3.2.pdf,indexed_text_not_visual_pdf_verified
1982,"Hayden Software",11,US_computer_game_publisher_survey,responded_top_30,https://www.cgwmuseum.org/galleries/issues/cgw_3.2.pdf,indexed_text_not_visual_pdf_verified
1982,"Strategic Simulations",11,US_computer_game_publisher_survey,responded_top_30,https://www.cgwmuseum.org/galleries/issues/cgw_3.2.pdf,indexed_text_not_visual_pdf_verified
1982,"United Microware Industries",11,US_computer_game_publisher_survey,responded_top_30,https://www.cgwmuseum.org/galleries/issues/cgw_3.2.pdf,indexed_text_not_visual_pdf_verified
1982,"Artworx",9,US_computer_game_publisher_survey,responded_top_30,https://www.cgwmuseum.org/galleries/issues/cgw_3.2.pdf,indexed_text_not_visual_pdf_verified
1982,"Sierra On-Line",9,US_computer_game_publisher_survey,responded_top_30,https://www.cgwmuseum.org/galleries/issues/cgw_3.2.pdf,indexed_text_not_visual_pdf_verified
1982,"Datasoft",7,US_computer_game_publisher_survey,responded_top_30,https://www.cgwmuseum.org/galleries/issues/cgw_3.2.pdf,indexed_text_not_visual_pdf_verified
1982,"Synergistic Software",7,US_computer_game_publisher_survey,responded_top_30,https://www.cgwmuseum.org/galleries/issues/cgw_3.2.pdf,indexed_text_not_visual_pdf_verified
1982,"Avant-Garde Creations",6,US_computer_game_publisher_survey,responded_top_30,https://www.cgwmuseum.org/galleries/issues/cgw_3.2.pdf,indexed_text_not_visual_pdf_verified
1982,"Insoft",6,US_computer_game_publisher_survey,responded_top_30,https://www.cgwmuseum.org/galleries/issues/cgw_3.2.pdf,indexed_text_not_visual_pdf_verified
1982,"Sublogic Communications",6,US_computer_game_publisher_survey,responded_top_30,https://www.cgwmuseum.org/galleries/issues/cgw_3.2.pdf,indexed_text_not_visual_pdf_verified
1982,"Syncro",6,US_computer_game_publisher_survey,responded_top_30,https://www.cgwmuseum.org/galleries/issues/cgw_3.2.pdf,indexed_text_not_visual_pdf_verified
1982,"C&C Software",5,US_computer_game_publisher_survey,responded_top_30,https://www.cgwmuseum.org/galleries/issues/cgw_3.2.pdf,indexed_text_not_visual_pdf_verified
1982,"Computer Kinetics",5,US_computer_game_publisher_survey,responded_top_30,https://www.cgwmuseum.org/galleries/issues/cgw_3.2.pdf,indexed_text_not_visual_pdf_verified
1982,"Creative Software",5,US_computer_game_publisher_survey,responded_top_30,https://www.cgwmuseum.org/galleries/issues/cgw_3.2.pdf,indexed_text_not_visual_pdf_verified
1982,"Instant Software",5,US_computer_game_publisher_survey,responded_top_30,https://www.cgwmuseum.org/galleries/issues/cgw_3.2.pdf,indexed_text_not_visual_pdf_verified
1982,"Micro Lab",5,US_computer_game_publisher_survey,responded_top_30,https://www.cgwmuseum.org/galleries/issues/cgw_3.2.pdf,indexed_text_not_visual_pdf_verified
1982,"Spinnaker Software",5,US_computer_game_publisher_survey,responded_top_30,https://www.cgwmuseum.org/galleries/issues/cgw_3.2.pdf,indexed_text_not_visual_pdf_verified
1982,"Swiftly Software",5,US_computer_game_publisher_survey,responded_top_30,https://www.cgwmuseum.org/galleries/issues/cgw_3.2.pdf,indexed_text_not_visual_pdf_verified
1982,"Synapse Software",5,US_computer_game_publisher_survey,responded_top_30,https://www.cgwmuseum.org/galleries/issues/cgw_3.2.pdf,indexed_text_not_visual_pdf_verified
1982,OTHER_51_REPORTING_PUBLISHERS,92,US_computer_game_publisher_survey,aggregated_51_respondents,https://www.cgwmuseum.org/galleries/issues/cgw_3.2.pdf,derived_394_minus_top30
