year,genre_scope,release_scope,source_sha,source_zip_sha256,action_run_id,dated_original_games,games_with_identifiable_person,games_with_unresolved_credit,one_person_only_in_known_credits,distinct_credited_human_ids,first_seen_humans_in_window,prior_year_returning_humans,title_person_credit_coverage_pct,indie_Q_status
1982,GAME_KEYWORD_PROXY,ORIGINAL_STANDALONE_DATED,0a634a1165bd3690ea24e3c6b67bbbbb1b1ebd09,6940a90091eb2f78700c4674a79c442bb480058cf09a757e85b860ff93068ee6,38037238473,346,169,183,131,123,123,0,48.84,UNVERIFIED
1983,GAME_KEYWORD_PROXY,ORIGINAL_STANDALONE_DATED,0a634a1165bd3690ea24e3c6b67bbbbb1b1ebd09,6940a90091eb2f78700c4674a79c442bb480058cf09a757e85b860ff93068ee6,38037238473,1327,753,598,556,582,510,72,56.74,UNVERIFIED
1984,GAME_KEYWORD_PROXY,ORIGINAL_STANDALONE_DATED,0a634a1165bd3690ea24e3c6b67bbbbb1b1ebd09,6940a90091eb2f78700c4674a79c442bb480058cf09a757e85b860ff93068ee6,38037238473,1480,1000,538,663,945,736,203,67.57,UNVERIFIED
1985,GAME_KEYWORD_PROXY,ORIGINAL_STANDALONE_DATED,0a634a1165bd3690ea24e3c6b67bbbbb1b1ebd09,6940a90091eb2f78700c4674a79c442bb480058cf09a757e85b860ff93068ee6,38037238473,942,614,372,347,724,488,214,65.18,UNVERIFIED
1986,GAME_KEYWORD_PROXY,ORIGINAL_STANDALONE_DATED,0a634a1165bd3690ea24e3c6b67bbbbb1b1ebd09,6940a90091eb2f78700c4674a79c442bb480058cf09a757e85b860ff93068ee6,38037238473,763,604,216,285,775,468,245,79.16,UNVERIFIED
1987,GAME_KEYWORD_PROXY,ORIGINAL_STANDALONE_DATED,0a634a1165bd3690ea24e3c6b67bbbbb1b1ebd09,6940a90091eb2f78700c4674a79c442bb480058cf09a757e85b860ff93068ee6,38037238473,781,641,222,257,843,453,297,82.07,UNVERIFIED
1988,GAME_KEYWORD_PROXY,ORIGINAL_STANDALONE_DATED,0a634a1165bd3690ea24e3c6b67bbbbb1b1ebd09,6940a90091eb2f78700c4674a79c442bb480058cf09a757e85b860ff93068ee6,38037238473,629,515,196,176,739,366,288,81.88,UNVERIFIED
1989,GAME_KEYWORD_PROXY,ORIGINAL_STANDALONE_DATED,0a634a1165bd3690ea24e3c6b67bbbbb1b1ebd09,6940a90091eb2f78700c4674a79c442bb480058cf09a757e85b860ff93068ee6,38037238473,616,512,166,189,711,328,276,83.12,UNVERIFIED
1990,GAME_KEYWORD_PROXY,ORIGINAL_STANDALONE_DATED,0a634a1165bd3690ea24e3c6b67bbbbb1b1ebd09,6940a90091eb2f78700c4674a79c442bb480058cf09a757e85b860ff93068ee6,38037238473,505,405,167,155,564,219,246,80.2,UNVERIFIED
1991,GAME_KEYWORD_PROXY,ORIGINAL_STANDALONE_DATED,0a634a1165bd3690ea24e3c6b67bbbbb1b1ebd09,6940a90091eb2f78700c4674a79c442bb480058cf09a757e85b860ff93068ee6,38037238473,397,326,121,130,443,187,186,82.12,UNVERIFIED
1992,GAME_KEYWORD_PROXY,ORIGINAL_STANDALONE_DATED,0a634a1165bd3690ea24e3c6b67bbbbb1b1ebd09,6940a90091eb2f78700c4674a79c442bb480058cf09a757e85b860ff93068ee6,38037238473,340,275,92,153,280,135,104,80.88,UNVERIFIED
