year,genretype_id,genre_text,original_standalone_games,distinct_credited_humans,source_sha,source_zip_sha256,action_run_id,indie_Q_status
1982,13,"Arcade Game: Platform",3,1,0a634a1165bd3690ea24e3c6b67bbbbb1b1ebd09,6940a90091eb2f78700c4674a79c442bb480058cf09a757e85b860ff93068ee6,38037238473,UNVERIFIED
1983,13,"Arcade Game: Platform",46,43,0a634a1165bd3690ea24e3c6b67bbbbb1b1ebd09,6940a90091eb2f78700c4674a79c442bb480058cf09a757e85b860ff93068ee6,38037238473,UNVERIFIED
1984,13,"Arcade Game: Platform",88,111,0a634a1165bd3690ea24e3c6b67bbbbb1b1ebd09,6940a90091eb2f78700c4674a79c442bb480058cf09a757e85b860ff93068ee6,38037238473,UNVERIFIED
1985,13,"Arcade Game: Platform",81,87,0a634a1165bd3690ea24e3c6b67bbbbb1b1ebd09,6940a90091eb2f78700c4674a79c442bb480058cf09a757e85b860ff93068ee6,38037238473,UNVERIFIED
1986,13,"Arcade Game: Platform",48,96,0a634a1165bd3690ea24e3c6b67bbbbb1b1ebd09,6940a90091eb2f78700c4674a79c442bb480058cf09a757e85b860ff93068ee6,38037238473,UNVERIFIED
1987,13,"Arcade Game: Platform",38,60,0a634a1165bd3690ea24e3c6b67bbbbb1b1ebd09,6940a90091eb2f78700c4674a79c442bb480058cf09a757e85b860ff93068ee6,38037238473,UNVERIFIED
1988,13,"Arcade Game: Platform",16,32,0a634a1165bd3690ea24e3c6b67bbbbb1b1ebd09,6940a90091eb2f78700c4674a79c442bb480058cf09a757e85b860ff93068ee6,38037238473,UNVERIFIED
1989,13,"Arcade Game: Platform",21,47,0a634a1165bd3690ea24e3c6b67bbbbb1b1ebd09,6940a90091eb2f78700c4674a79c442bb480058cf09a757e85b860ff93068ee6,38037238473,UNVERIFIED
1990,13,"Arcade Game: Platform",10,23,0a634a1165bd3690ea24e3c6b67bbbbb1b1ebd09,6940a90091eb2f78700c4674a79c442bb480058cf09a757e85b860ff93068ee6,38037238473,UNVERIFIED
1991,13,"Arcade Game: Platform",22,48,0a634a1165bd3690ea24e3c6b67bbbbb1b1ebd09,6940a90091eb2f78700c4674a79c442bb480058cf09a757e85b860ff93068ee6,38037238473,UNVERIFIED
1992,13,"Arcade Game: Platform",20,24,0a634a1165bd3690ea24e3c6b67bbbbb1b1ebd09,6940a90091eb2f78700c4674a79c442bb480058cf09a757e85b860ff93068ee6,38037238473,UNVERIFIED
1982,15,"Arcade Game: Shoot-em-up",61,29,0a634a1165bd3690ea24e3c6b67bbbbb1b1ebd09,6940a90091eb2f78700c4674a79c442bb480058cf09a757e85b860ff93068ee6,38037238473,UNVERIFIED
1983,15,"Arcade Game: Shoot-em-up",204,132,0a634a1165bd3690ea24e3c6b67bbbbb1b1ebd09,6940a90091eb2f78700c4674a79c442bb480058cf09a757e85b860ff93068ee6,38037238473,UNVERIFIED
1984,15,"Arcade Game: Shoot-em-up",137,124,0a634a1165bd3690ea24e3c6b67bbbbb1b1ebd09,6940a90091eb2f78700c4674a79c442bb480058cf09a757e85b860ff93068ee6,38037238473,UNVERIFIED
1985,15,"Arcade Game: Shoot-em-up",62,68,0a634a1165bd3690ea24e3c6b67bbbbb1b1ebd09,6940a90091eb2f78700c4674a79c442bb480058cf09a757e85b860ff93068ee6,38037238473,UNVERIFIED
1986,15,"Arcade Game: Shoot-em-up",49,92,0a634a1165bd3690ea24e3c6b67bbbbb1b1ebd09,6940a90091eb2f78700c4674a79c442bb480058cf09a757e85b860ff93068ee6,38037238473,UNVERIFIED
1987,15,"Arcade Game: Shoot-em-up",101,185,0a634a1165bd3690ea24e3c6b67bbbbb1b1ebd09,6940a90091eb2f78700c4674a79c442bb480058cf09a757e85b860ff93068ee6,38037238473,UNVERIFIED
1988,15,"Arcade Game: Shoot-em-up",74,164,0a634a1165bd3690ea24e3c6b67bbbbb1b1ebd09,6940a90091eb2f78700c4674a79c442bb480058cf09a757e85b860ff93068ee6,38037238473,UNVERIFIED
1989,15,"Arcade Game: Shoot-em-up",71,133,0a634a1165bd3690ea24e3c6b67bbbbb1b1ebd09,6940a90091eb2f78700c4674a79c442bb480058cf09a757e85b860ff93068ee6,38037238473,UNVERIFIED
1990,15,"Arcade Game: Shoot-em-up",46,82,0a634a1165bd3690ea24e3c6b67bbbbb1b1ebd09,6940a90091eb2f78700c4674a79c442bb480058cf09a757e85b860ff93068ee6,38037238473,UNVERIFIED
1991,15,"Arcade Game: Shoot-em-up",30,56,0a634a1165bd3690ea24e3c6b67bbbbb1b1ebd09,6940a90091eb2f78700c4674a79c442bb480058cf09a757e85b860ff93068ee6,38037238473,UNVERIFIED
1992,15,"Arcade Game: Shoot-em-up",10,18,0a634a1165bd3690ea24e3c6b67bbbbb1b1ebd09,6940a90091eb2f78700c4674a79c442bb480058cf09a757e85b860ff93068ee6,38037238473,UNVERIFIED
1982,5,"Adventure Game: Text-Only",47,23,0a634a1165bd3690ea24e3c6b67bbbbb1b1ebd09,6940a90091eb2f78700c4674a79c442bb480058cf09a757e85b860ff93068ee6,38037238473,UNVERIFIED
1983,5,"Adventure Game: Text-Only",87,40,0a634a1165bd3690ea24e3c6b67bbbbb1b1ebd09,6940a90091eb2f78700c4674a79c442bb480058cf09a757e85b860ff93068ee6,38037238473,UNVERIFIED
1984,5,"Adventure Game: Text-Only",214,142,0a634a1165bd3690ea24e3c6b67bbbbb1b1ebd09,6940a90091eb2f78700c4674a79c442bb480058cf09a757e85b860ff93068ee6,38037238473,UNVERIFIED
1985,5,"Adventure Game: Text-Only",111,74,0a634a1165bd3690ea24e3c6b67bbbbb1b1ebd09,6940a90091eb2f78700c4674a79c442bb480058cf09a757e85b860ff93068ee6,38037238473,UNVERIFIED
1986,5,"Adventure Game: Text-Only",85,52,0a634a1165bd3690ea24e3c6b67bbbbb1b1ebd09,6940a90091eb2f78700c4674a79c442bb480058cf09a757e85b860ff93068ee6,38037238473,UNVERIFIED
1987,5,"Adventure Game: Text-Only",85,85,0a634a1165bd3690ea24e3c6b67bbbbb1b1ebd09,6940a90091eb2f78700c4674a79c442bb480058cf09a757e85b860ff93068ee6,38037238473,UNVERIFIED
1988,5,"Adventure Game: Text-Only",74,59,0a634a1165bd3690ea24e3c6b67bbbbb1b1ebd09,6940a90091eb2f78700c4674a79c442bb480058cf09a757e85b860ff93068ee6,38037238473,UNVERIFIED
1989,5,"Adventure Game: Text-Only",86,89,0a634a1165bd3690ea24e3c6b67bbbbb1b1ebd09,6940a90091eb2f78700c4674a79c442bb480058cf09a757e85b860ff93068ee6,38037238473,UNVERIFIED
1990,5,"Adventure Game: Text-Only",83,65,0a634a1165bd3690ea24e3c6b67bbbbb1b1ebd09,6940a90091eb2f78700c4674a79c442bb480058cf09a757e85b860ff93068ee6,38037238473,UNVERIFIED
1991,5,"Adventure Game: Text-Only",74,79,0a634a1165bd3690ea24e3c6b67bbbbb1b1ebd09,6940a90091eb2f78700c4674a79c442bb480058cf09a757e85b860ff93068ee6,38037238473,UNVERIFIED
1992,5,"Adventure Game: Text-Only",81,56,0a634a1165bd3690ea24e3c6b67bbbbb1b1ebd09,6940a90091eb2f78700c4674a79c442bb480058cf09a757e85b860ff93068ee6,38037238473,UNVERIFIED
1982,21,"Puzzle Game: Problem-Solving",25,10,0a634a1165bd3690ea24e3c6b67bbbbb1b1ebd09,6940a90091eb2f78700c4674a79c442bb480058cf09a757e85b860ff93068ee6,38037238473,UNVERIFIED
1983,21,"Puzzle Game: Problem-Solving",78,36,0a634a1165bd3690ea24e3c6b67bbbbb1b1ebd09,6940a90091eb2f78700c4674a79c442bb480058cf09a757e85b860ff93068ee6,38037238473,UNVERIFIED
1984,21,"Puzzle Game: Problem-Solving",68,39,0a634a1165bd3690ea24e3c6b67bbbbb1b1ebd09,6940a90091eb2f78700c4674a79c442bb480058cf09a757e85b860ff93068ee6,38037238473,UNVERIFIED
1985,21,"Puzzle Game: Problem-Solving",36,37,0a634a1165bd3690ea24e3c6b67bbbbb1b1ebd09,6940a90091eb2f78700c4674a79c442bb480058cf09a757e85b860ff93068ee6,38037238473,UNVERIFIED
1986,21,"Puzzle Game: Problem-Solving",33,29,0a634a1165bd3690ea24e3c6b67bbbbb1b1ebd09,6940a90091eb2f78700c4674a79c442bb480058cf09a757e85b860ff93068ee6,38037238473,UNVERIFIED
1987,21,"Puzzle Game: Problem-Solving",23,15,0a634a1165bd3690ea24e3c6b67bbbbb1b1ebd09,6940a90091eb2f78700c4674a79c442bb480058cf09a757e85b860ff93068ee6,38037238473,UNVERIFIED
1988,21,"Puzzle Game: Problem-Solving",24,17,0a634a1165bd3690ea24e3c6b67bbbbb1b1ebd09,6940a90091eb2f78700c4674a79c442bb480058cf09a757e85b860ff93068ee6,38037238473,UNVERIFIED
1989,21,"Puzzle Game: Problem-Solving",16,16,0a634a1165bd3690ea24e3c6b67bbbbb1b1ebd09,6940a90091eb2f78700c4674a79c442bb480058cf09a757e85b860ff93068ee6,38037238473,UNVERIFIED
1990,21,"Puzzle Game: Problem-Solving",28,40,0a634a1165bd3690ea24e3c6b67bbbbb1b1ebd09,6940a90091eb2f78700c4674a79c442bb480058cf09a757e85b860ff93068ee6,38037238473,UNVERIFIED
1991,21,"Puzzle Game: Problem-Solving",22,25,0a634a1165bd3690ea24e3c6b67bbbbb1b1ebd09,6940a90091eb2f78700c4674a79c442bb480058cf09a757e85b860ff93068ee6,38037238473,UNVERIFIED
1992,21,"Puzzle Game: Problem-Solving",31,36,0a634a1165bd3690ea24e3c6b67bbbbb1b1ebd09,6940a90091eb2f78700c4674a79c442bb480058cf09a757e85b860ff93068ee6,38037238473,UNVERIFIED
