genre_id,network_code,cell_id,cell_status,professional_L_anchor_years,mid_core_M_anchor_years,micro_I_anchor_years,case_id_refs,limitations
PLAT2D,S0,PLAT2D:S0,OBSERVED_ANCHOR,1985,1991,1983,001;002;003,
PLAT2D,C1,PLAT2D:C1,UNRESEARCHED,,,,,
PLAT2D,L2,PLAT2D:L2,UNRESEARCHED,,,,,
PLAT2D,O3,PLAT2D:O3,UNRESEARCHED,,,,,
PLAT2D,D4,PLAT2D:D4,UNRESEARCHED,,,,,
PLAT2D,P5,PLAT2D:P5,UNRESEARCHED,,,,,
PLAT3D,S0,PLAT3D:S0,OBSERVED_ANCHOR,1996,1996,2020,004;005;006,I_SUPPORTED
PLAT3D,C1,PLAT3D:C1,UNRESEARCHED,,,,,
PLAT3D,L2,PLAT3D:L2,UNRESEARCHED,,,,,
PLAT3D,O3,PLAT3D:O3,UNRESEARCHED,,,,,
PLAT3D,D4,PLAT3D:D4,UNRESEARCHED,,,,,
PLAT3D,P5,PLAT3D:P5,UNRESEARCHED,,,,,
SHOOT2D,S0,SHOOT2D:S0,OBSERVED_ANCHOR,1982,,1983,007;008,BROAD_GENRE
SHOOT2D,C1,SHOOT2D:C1,UNRESEARCHED,,,,,
SHOOT2D,L2,SHOOT2D:L2,UNRESEARCHED,,,,,
SHOOT2D,O3,SHOOT2D:O3,UNRESEARCHED,,,,,
SHOOT2D,D4,SHOOT2D:D4,UNRESEARCHED,,,,,
SHOOT2D,P5,SHOOT2D:P5,UNRESEARCHED,,,,,
FPS3D,S0,FPS3D:S0,OBSERVED_ANCHOR,2001,1993,2018,009;011;012,BROAD_FIDELITY;BROAD_FIDELITY
FPS3D,C1,FPS3D:C1,UNRESEARCHED,,,,,
FPS3D,L2,FPS3D:L2,OBSERVED_ANCHOR,,1993,,010,
FPS3D,O3,FPS3D:O3,UNRESEARCHED,,,,,
FPS3D,D4,FPS3D:D4,UNRESEARCHED,,,,,
FPS3D,P5,FPS3D:P5,UNRESEARCHED,,,,,
BATTLE3D,S0,BATTLE3D:S0,UNRESEARCHED,,,,,
BATTLE3D,C1,BATTLE3D:C1,UNRESEARCHED,,,,,
BATTLE3D,L2,BATTLE3D:L2,UNRESEARCHED,,,,,
BATTLE3D,O3,BATTLE3D:O3,UNRESEARCHED,,,,,
BATTLE3D,D4,BATTLE3D:D4,OBSERVED_ANCHOR,2002;2008,,2023,013;014;015,BROAD_FIDELITY;F_IDENTITY_DIFF
BATTLE3D,P5,BATTLE3D:P5,UNRESEARCHED,,,,,
FARM2D,S0,FARM2D:S0,OBSERVED_ANCHOR,,,2016,016,
FARM2D,C1,FARM2D:C1,UNRESEARCHED,,,,,
FARM2D,L2,FARM2D:L2,UNRESEARCHED,,,,,
FARM2D,O3,FARM2D:O3,OBSERVED_ANCHOR,,,2018,017,I_EXTERNAL_NETWORK
FARM2D,D4,FARM2D:D4,UNRESEARCHED,,,,,
FARM2D,P5,FARM2D:P5,UNRESEARCHED,,,,,
COOK3D,S0,COOK3D:S0,UNRESEARCHED,,,,,
COOK3D,C1,COOK3D:C1,OBSERVED_ANCHOR,,,2016,018,
COOK3D,L2,COOK3D:L2,UNRESEARCHED,,,,,
COOK3D,O3,COOK3D:O3,OBSERVED_ANCHOR,,,2018,019,I_EXTERNAL_NETWORK
COOK3D,D4,COOK3D:D4,UNRESEARCHED,,,,,
COOK3D,P5,COOK3D:P5,UNRESEARCHED,,,,,
SPACE3D,S0,SPACE3D:S0,OBSERVED_ANCHOR,,,1984,020,
SPACE3D,C1,SPACE3D:C1,UNRESEARCHED,,,,,
SPACE3D,L2,SPACE3D:L2,UNRESEARCHED,,,,,
SPACE3D,O3,SPACE3D:O3,UNRESEARCHED,,,,,
SPACE3D,D4,SPACE3D:D4,UNRESEARCHED,,,,,
SPACE3D,P5,SPACE3D:P5,UNRESEARCHED,,,,,
VOXEL3D,S0,VOXEL3D:S0,OBSERVED_ANCHOR,,,2009,021,
VOXEL3D,C1,VOXEL3D:C1,UNRESEARCHED,,,,,
VOXEL3D,L2,VOXEL3D:L2,UNRESEARCHED,,,,,
VOXEL3D,O3,VOXEL3D:O3,UNRESEARCHED,,,,,
VOXEL3D,D4,VOXEL3D:D4,UNRESEARCHED,,,,,
VOXEL3D,P5,VOXEL3D:P5,UNRESEARCHED,,,,,
SURV3D,S0,SURV3D:S0,OBSERVED_ANCHOR,,2021,,022,
SURV3D,C1,SURV3D:C1,UNRESEARCHED,,,,,
SURV3D,L2,SURV3D:L2,UNRESEARCHED,,,,,
SURV3D,O3,SURV3D:O3,OBSERVED_ANCHOR,,2021,,023,
SURV3D,D4,SURV3D:D4,OBSERVED_ANCHOR,,2021,,024,
SURV3D,P5,SURV3D:P5,UNRESEARCHED,,,,,
HORROR3D,S0,HORROR3D:S0,UNRESEARCHED,,,,,
HORROR3D,C1,HORROR3D:C1,UNRESEARCHED,,,,,
HORROR3D,L2,HORROR3D:L2,UNRESEARCHED,,,,,
HORROR3D,O3,HORROR3D:O3,OBSERVED_ANCHOR,,,2023,025,
HORROR3D,D4,HORROR3D:D4,UNRESEARCHED,,,,,
HORROR3D,P5,HORROR3D:P5,UNRESEARCHED,,,,,
COOPSHOOT3D,S0,COOPSHOOT3D:S0,UNRESEARCHED,,,,,
COOPSHOOT3D,C1,COOPSHOOT3D:C1,UNRESEARCHED,,,,,
COOPSHOOT3D,L2,COOPSHOOT3D:L2,UNRESEARCHED,,,,,
COOPSHOOT3D,O3,COOPSHOOT3D:O3,OBSERVED_ANCHOR,2008,,,026,
COOPSHOOT3D,D4,COOPSHOOT3D:D4,UNRESEARCHED,,,,,
COOPSHOOT3D,P5,COOPSHOOT3D:P5,UNRESEARCHED,,,,,
CITY3D,S0,CITY3D:S0,OBSERVED_ANCHOR,2001,,,027,
CITY3D,C1,CITY3D:C1,UNRESEARCHED,,,,,
CITY3D,L2,CITY3D:L2,UNRESEARCHED,,,,,
CITY3D,O3,CITY3D:O3,UNRESEARCHED,,,,,
CITY3D,D4,CITY3D:D4,UNRESEARCHED,,,,,
CITY3D,P5,CITY3D:P5,OBSERVED_ANCHOR,2013,,,028,BROAD_FIDELITY
PHYS3D,S0,PHYS3D:S0,OBSERVED_ANCHOR,,,2020,029,I_CANDIDATE
PHYS3D,C1,PHYS3D:C1,UNRESEARCHED,,,,,
PHYS3D,L2,PHYS3D:L2,UNRESEARCHED,,,,,
PHYS3D,O3,PHYS3D:O3,UNRESEARCHED,,,,,
PHYS3D,D4,PHYS3D:D4,UNRESEARCHED,,,,,
PHYS3D,P5,PHYS3D:P5,UNRESEARCHED,,,,,
PHYS2D,S0,PHYS2D:S0,OBSERVED_ANCHOR,,,2020,030,
PHYS2D,C1,PHYS2D:C1,UNRESEARCHED,,,,,
PHYS2D,L2,PHYS2D:L2,UNRESEARCHED,,,,,
PHYS2D,O3,PHYS2D:O3,UNRESEARCHED,,,,,
PHYS2D,D4,PHYS2D:D4,UNRESEARCHED,,,,,
PHYS2D,P5,PHYS2D:P5,UNRESEARCHED,,,,,
RTS2D,S0,RTS2D:S0,UNRESEARCHED,,,,,
RTS2D,C1,RTS2D:C1,UNRESEARCHED,,,,,
RTS2D,L2,RTS2D:L2,UNRESEARCHED,,,,,
RTS2D,O3,RTS2D:O3,UNRESEARCHED,,,,,
RTS2D,D4,RTS2D:D4,UNRESEARCHED,,,,,
RTS2D,P5,RTS2D:P5,UNRESEARCHED,,,,,
RACING3D,S0,RACING3D:S0,UNRESEARCHED,,,,,
RACING3D,C1,RACING3D:C1,UNRESEARCHED,,,,,
RACING3D,L2,RACING3D:L2,UNRESEARCHED,,,,,
RACING3D,O3,RACING3D:O3,UNRESEARCHED,,,,,
RACING3D,D4,RACING3D:D4,UNRESEARCHED,,,,,
RACING3D,P5,RACING3D:P5,UNRESEARCHED,,,,,
