genre_id,display_label,render_profile,gameplay_subgenre,content_scope
PLAT2D,2D关卡平台动作,2D_PIXEL,platform_jump,STAGES
PLAT3D,3D平台动作,3D_POLYGON,platform_jump,STAGES
SHOOT2D,2D街机射击,2D_SPRITE,arcade_shooter,STAGES
FPS3D,3D关卡FPS,3D_MIXED,first_person_shooter,STAGES
BATTLE3D,3D战场多人FPS,3D_MIXED,battlefield_shooter,MATCHES
FARM2D,2D农场经营,2D_PIXEL,farm_life_sim,SHARED_SAVE
COOK3D,3D合作厨房,3D_STYLIZED,cooking_coordination,STAGES
SPACE3D,3D太空交易模拟,3D_WIREFRAME,space_trade_sim,PROCEDURAL_WORLD
VOXEL3D,3D方块系统沙盒,3D_LOW_FI,voxel_world_sandbox,SYSTEM_WORLD
SURV3D,3D生存建造,3D_STYLIZED,survival_crafting,PERSISTENT_SAVE
HORROR3D,3D恐怖拾荒,3D_LOW_FI,horror_extraction,SESSION_LOOP
COOPSHOOT3D,3D合作关卡射击,3D_POLYGON,coop_mission_shooter,STAGES
CITY3D,3D内容型城市开放世界,3D_CONTENT_HEAVY,authored_city_crime,AUTHORED_WORLD
PHYS3D,3D体素破坏物理沙盒,3D_VOXEL,physics_destruction_sandbox,DYNAMIC_WORLD
PHYS2D,2D逐像素物理动作,2D_PIXEL_SIM,pixel_chemistry_action,PROCEDURAL_WORLD
RTS2D,2D即时战略（待抽样）,2D_SPRITE,realtime_strategy,MATCHES
RACING3D,3D赛车（待抽样）,3D_POLYGON,racing,MATCHES
