anchor_id,genre_id,network_code,organization_track,year,game,version_mode_scope,max_simultaneous_players,fidelity_physics_tier,project_team_and_external_support,evidence_grade,source_url,comparability_warning,anchor_status
001,PLAT2D,S0,I,1983,Manic Miner,ZX Spectrum commercial,1,2D_LOW,INDIE_SMALL,ARCHIVE,https://worldofspectrum.org/,Early bedroom author commercial product,CONFIRMED_ANCHOR
002,PLAT2D,S0,L,1985,Super Mario Bros.,Famicom,1,2D_FIRST_PARTY,NINTENDO,P0,https://www.nintendo.com/jp/character/mario/en/history/smb/index.html,,CONFIRMED_ANCHOR
003,PLAT2D,S0,M,1991,Sonic the Hedgehog,Genesis 1991,1,2D_FIRST_PARTY,SEGA_INTERNAL_5_TO_7_CORE,P1,https://shmuplations.com/sonicteam/,M is small corporate core not independent medium company,CONFIRMED_ANCHOR
004,PLAT3D,S0,L,1996,Super Mario 64,N64,1,3D_FIRST_PARTY,NINTENDO,P0,https://www.nintendo.com/jp/character/mario/en/history/index.html,,CONFIRMED_ANCHOR
005,PLAT3D,S0,M,1996,Crash Bandicoot,PS1,1,3D_CONSOLE,NAUGHTY_DOG_8_CORE_SONY_UNIVERSAL_BACKING,P1,https://blog.playstation.com/archive/2014/12/03/naughty-dog-looks-back-20-years-playstation-development,,CONFIRMED_ANCHOR
006,PLAT3D,S0,I,2020,Pumpkin Jack,Commercial full release,1,3D_INDIE_STYLIZED,SOLO_ORIGIN_HEADUP_PUBLISHING,P1,https://store.steampowered.com/app/1186640/Pumpkin_Jack/,Publisher and external work not all audited,I_SUPPORTED
007,SHOOT2D,S0,L,1982,Robotron: 2084,Arcade,1,2D_ARCADE_HARDWARE,WILLIAMS,ARCHIVE,https://www.arcade-museum.com/Videogame/robotron-2084,Twin-stick fixed arena not same feel as Jetpac,CONFIRMED_ANCHOR
008,SHOOT2D,S0,I,1983,Jetpac,ZX Spectrum,1,2D_ARCADE_8BIT,ULTIMATE_STAMPER_BROTHERS,ARCHIVE,https://worldofspectrum.org/,Different shooter subformat: side-view thruster; broad archetype only,BROAD_GENRE
009,FPS3D,S0,M,1993,DOOM,Single-player campaign,1,2_5D_RAYCAST,ID_SMALL_PROFESSIONAL_ENGINE,P0,https://github.com/id-Software/DOOM,Small professional technology-leading team,CONFIRMED_ANCHOR
010,FPS3D,L2,M,1993,DOOM,IPX LAN deathmatch,4,2_5D_RAYCAST,ID_SELF_NETWORK_CODE,P0,https://github.com/id-Software/DOOM/blob/master/ipx/DOOMNET.H,MAXPLAYERS 4; IPX LAN not public Internet,CONFIRMED_ANCHOR
011,FPS3D,S0,L,2001,Halo: Combat Evolved,Xbox campaign,1,3D_PRODUCTION,BUNGIE_MICROSOFT,P0,https://www.halowaypoint.com/,Different fidelity from 1993 DOOM,BROAD_FIDELITY
012,FPS3D,S0,I,2018,DUSK,Commercial game,1,RETRO_FPS_3D,DAVID_SZYMANSKI_NEW_BLOOD,P0,https://store.steampowered.com/app/519860/DUSK/,Retro aesthetic not Halo 2001 fidelity,BROAD_FIDELITY
013,BATTLE3D,D4,L,2002,Battlefield 1942,Network 64 player server,64,3D_BATTLE_MAP,DICE_EA,P1,https://www.ea.com/games/battlefield,Battlefield 1942 historic known 64 player limit; primary page generic,CONFIRMED_ANCHOR
014,BATTLE3D,D4,L,2008,Battlefield: Bad Company,Multiplayer terrain destruction,24,3D_BATTLE_DESTRUCTION_F2,DICE_EA_FROSTBITE,P1,https://www.ea.com/games/battlefield/battlefield-bad-company,"Multiplayer specific 2008, physics differ from later voxel games",BROAD_FIDELITY
015,BATTLE3D,D4,I,2023,BattleBit Remastered,Steam early access,254,3D_LOW_POLY_DESTRUCTION,THREE_NAMED_DEVELOPERS_SELF_PUBLISHED,P0,https://store.steampowered.com/app/671860/BattleBit_Remastered/,Three credited developers; operational hosting cost not shown; fidelity lower,F_IDENTITY_DIFF
016,FARM2D,S0,I,2016,Stardew Valley,1.0 single-player release,1,2D_SYSTEM_FARM,ERIC_BARONE_SOLO,P0,https://www.stardewvalley.net/press/,Later expansions not automatically creditable to solo build,CONFIRMED_ANCHOR
017,FARM2D,O3,I,2018,Stardew Valley,1.3 online multiplayer patch,4,2D_SYNC_SHARED_SAVE,ERIC_BARONE_WITH_TOM_COXON_NETWORK_CODE_CHUCKLEFISH,P0,https://www.stardewvalley.net/stardew-valley-1-3-multiplayer-update-is-now-available/,Core original solo author but external network engineering; NOT independently built multiplayer stack,I_EXTERNAL_NETWORK
018,COOK3D,C1,I,2016,Overcooked,Original local co-op,4,3D_STYLIZED_LOCAL,GHOST_TOWN_TWO_CREATORS_TEAM17_PUBLISHER,P0,https://www.team17.com/news/overcooked-2-faq,Original co-op local design and no native online,CONFIRMED_ANCHOR
019,COOK3D,O3,I,2018,Overcooked! 2,Online co-op sequel,4,3D_STYLIZED_ONLINE,GHOST_TOWN_PLUS_TEAM17_CODEVELOPMENT,P0,https://news.xbox.com/en-us/2018/08/07/return-to-the-onion-kingdom-overcooked-2-xbox-one/,Ghost Town says online infeasible for two original developers; Team17 collaboration crucial,I_EXTERNAL_NETWORK
020,SPACE3D,S0,I,1984,Elite,BBC Micro original,1,3D_WIREFRAME_LOW_ASSET,IAN_BELL_DAVID_BRABEN_ACORNSOFT,P1,https://www.elitehomepage.org/,Trading space sim is not GTA content urban world,CONFIRMED_ANCHOR
021,VOXEL3D,S0,I,2009,Minecraft,Early solo public alpha,1,3D_VOXEL_SYSTEM,NOTCH_EARLY_INDIVIDUAL,P0,https://www.minecraft.net/en-us/article/15-years-minecraft,"Early product, not complete current version; early online development history separately",CONFIRMED_ANCHOR
022,SURV3D,S0,M,2021,Valheim,Early access single-player mode,1,3D_STYLIZED_SYSTEM,IRON_GATE_FIVE_CORE_COFFEE_STAIN_PUBLISHER,P0,https://valheim.com/faq/,Same released product also supports online multiplayer,CONFIRMED_ANCHOR
023,SURV3D,O3,M,2021,Valheim,Online p2p max 10,10,3D_STYLIZED_SHARED_SAVE,IRON_GATE_FIVE_CORE_COFFEE_STAIN_PUBLISHER,P0,https://valheim.com/faq/,Up to 10 players; player hosted P2P; server provider cost distinct,CONFIRMED_ANCHOR
024,SURV3D,D4,M,2021,Valheim,Optional player-run dedicated server,10,3D_STYLIZED_SHARED_SAVE,IRON_GATE_FIVE_CORE_OPTIONAL_PLAYER_HOSTING,P0,https://valheim.com/faq/,Dedicated server app but developer provides NO official servers; never count as official service,CONFIRMED_ANCHOR
025,HORROR3D,O3,I,2023,Lethal Company,Steam EA online co-op,4,3D_LOW_FI_COOP,ZEEKERSS_INDEPENDENT,P0,https://store.steampowered.com/app/1966720/Lethal_Company/,Co-op horror/scavenging != survival construction,CONFIRMED_ANCHOR
026,COOPSHOOT3D,O3,L,2008,Left 4 Dead,Online co-op 4 players,4,3D_PRODUCTION_SHOOT,VALVE_PRODUCTION,P0,https://store.steampowered.com/app/500/Left_4_Dead/,Campaign action co-op not Valheim or Lethal,CONFIRMED_ANCHOR
027,CITY3D,S0,L,2001,Grand Theft Auto III,Standalone offline story,1,3D_HANDCRAFTED_CITY,DMA_ROCKSTAR,P0,https://www.rockstargames.com/games/grandtheftauto3,Not same visual density as GTA V online,CONFIRMED_ANCHOR
028,CITY3D,P5,L,2013,GTA Online,Live service launch 2013,16,3D_CONTENT_HEAVY_SESSION_PERSISTENT_ACCOUNT,ROCKSTAR_SERVICE,P0,https://www.rockstargames.com/newswire/article/k49a58878okoak/some-more-details-on-grand-theft-auto-online.html,"Shared Los Santos of GTA V, not network patch to 2001 GTA III; 16 concurrent at launch",BROAD_FIDELITY
029,PHYS3D,S0,I,2020,Teardown,2020 early access,1,3D_VOXEL_FULL_DESTRUCTION_F3,TUXEDO_LABS_MICRO_SIZE_AUDIT_PENDING,P0,https://store.steampowered.com/app/1167630/Teardown/,Micro-size independent engineer team count not certified,I_CANDIDATE
030,PHYS2D,S0,I,2020,Noita,1.0 full release,1,2D_PER_PIXEL_CHEMISTRY_F3,NOLLA_THREE_CREATORS_INHOUSE_ENGINE,P0,https://www.noitagame.com/press/index.html,Physics framework differs from 3D voxel/gameplay,CONFIRMED_ANCHOR
